-- V6: 产品模块 seed 数据（分类 + 示例产品 + HS编码）
-- 依赖 V4 建表 + V5 权限 seed 已执行

-- ---- 分类 ----
INSERT IGNORE INTO prd_category (id, parent_id, cat_name, cat_code, sort_order) VALUES
(1, 0, 'LED 照明', 'LED', 1),
(2, 0, '太阳能设备', 'SOL', 2),
(3, 0, '电机产品', 'MOT', 3),
(4, 1, '面板灯', 'LED-PANEL', 1),
(5, 1, '灯带', 'LED-STRIP', 2),
(6, 1, '投光灯', 'LED-FLOOD', 3);

-- ---- HS 编码 ----
INSERT IGNORE INTO prd_hs_code (id, hs_code, description, tariff_rate, vat_rate, export_refund_rate) VALUES
(1, '9405.40.9000', '其他电灯及照明装置', 8.0000, 13.0000, 13.0000),
(2, '8504.40.3090', '其他逆变器', 5.0000, 13.0000, 13.0000),
(3, '8501.52.0000', '多相交流电动机（1-75KW）', 6.0000, 13.0000, 13.0000),
(4, '8501.51.0000', '微型电机（≤1KW）', 6.0000, 13.0000, 13.0000),
(5, '8541.43.0000', '太阳能电池片/组件', 0.0000, 13.0000, 13.0000),
(6, '8507.60.0090', '其他锂离子蓄电池', 8.0000, 13.0000, 13.0000);

-- ---- 产品 ----
INSERT IGNORE INTO prd_product (id, product_code, product_name, product_name_en, category_id, hs_code_id, hs_code, unit, specification, origin_country, brand, purchase_price, sales_price, cost_price, weight_kg, volume_cbm, moq, status) VALUES
(1, 'LED-001', 'LED面板灯 600x600mm 40W', 'LED Panel Light 600x600mm 40W', 4, 1, '9405.40.9000', '件', '600x600mm, 40W, 3000lm, 4000K, IP40', '中国', 'Opple', 85.00000000, 14.50000000, 12.00000000, 2.5000, 0.012000, 10, 1),
(2, 'SOL-002', '太阳能逆变器 5KW 单相', 'Solar Inverter 5KW Single Phase', 2, 2, '8504.40.3090', '台', '5KW, 单相, MPPT, WiFi监控', '中国', 'Growatt', 2400.00000000, 400.00000000, 350.00000000, 12.0000, 0.045000, 1, 1),
(3, 'MOT-003', '三相异步电机 15HP 11KW', 'Electric Motor 15HP 3-Phase', 3, 3, '8501.52.0000', '台', '15HP/11KW, 380V, 50Hz, B3安装', '中国', 'ABB', 3200.00000000, 520.00000000, 480.00000000, 85.0000, 0.250000, 1, 1),
(4, 'LED-004', 'LED灯带 5050 60灯/米', 'LED Strip Light 5050 60LED/m', 5, 1, '9405.40.9000', '米', '5050 RGB, 60LED/m, 5m/卷, IP20', '中国', 'Opple', 8.50000000, 1.40000000, 1.20000000, 0.2000, 0.000800, 100, 1),
(5, 'SOL-005', '单晶太阳能板 550W', 'Mono Solar Panel 550W', 2, 5, '8541.43.0000', '块', '550W, 单晶, 210mm 电池片, PERC', '中国', 'Jinko', 680.00000000, 110.00000000, 100.00000000, 28.0000, 0.080000, 10, 1),
(6, 'MOT-006', '交流伺服电机 2KW', 'Servo Motor 2KW AC Drive', 3, 4, '8501.51.0000', '套', '2KW, 220V, 2500rpm, 带驱动器', '中国', 'Delta', 1800.00000000, 290.00000000, 260.00000000, 7.5000, 0.020000, 1, 1),
(7, 'LED-007', 'LED投光灯 200W IP65', 'LED Flood Light 200W IP65', 6, 1, '9405.40.9000', '件', '200W, IP65, 6500K, 压铸铝, 5年质保', '中国', 'Philips', 195.00000000, 32.00000000, 28.00000000, 3.2000, 0.015000, 5, 1),
(8, 'SOL-008', '锂电池组 48V 100Ah', 'Lithium Battery 48V 100Ah', 2, 6, '8507.60.0090', '台', '48V 100Ah, 磷酸铁锂, BMS保护, 壁挂式', '中国', 'CATL', 5800.00000000, 950.00000000, 880.00000000, 45.0000, 0.120000, 1, 1);
